<ImportExportXml version="9.2.24024.198" SolutionPackageVersion="9.2" languagecode="1033" generatedBy="CrmLive" xmlns:xsi="http://www.w3.org/2001/XMLSchema-instance">
  <SolutionManifest>
    <UniqueName>Salesplanyearonly</UniqueName>
    <LocalizedNames>
      <LocalizedName description="Sales plan (year only)" languagecode="1033" />
    </LocalizedNames>
    <Descriptions />
    <Version>1.0.0.1</Version>
    <Managed>0</Managed>
    <Publisher>
      <UniqueName>AlinaKidenko</UniqueName>
      <LocalizedNames>
        <LocalizedName description="Alina Kidenko" languagecode="1033" />
      </LocalizedNames>
      <Descriptions />
      <EMailAddress xsi:nil="true"></EMailAddress>
      <SupportingWebsiteUrl xsi:nil="true"></SupportingWebsiteUrl>
      <CustomizationPrefix>ak</CustomizationPrefix>
      <CustomizationOptionValuePrefix>12090</CustomizationOptionValuePrefix>
      <Addresses>
        <Address>
          <AddressNumber>1</AddressNumber>
          <AddressTypeCode>1</AddressTypeCode>
          <City xsi:nil="true"></City>
          <County xsi:nil="true"></County>
          <Country xsi:nil="true"></Country>
          <Fax xsi:nil="true"></Fax>
          <FreightTermsCode xsi:nil="true"></FreightTermsCode>
          <ImportSequenceNumber xsi:nil="true"></ImportSequenceNumber>
          <Latitude xsi:nil="true"></Latitude>
          <Line1 xsi:nil="true"></Line1>
          <Line2 xsi:nil="true"></Line2>
          <Line3 xsi:nil="true"></Line3>
          <Longitude xsi:nil="true"></Longitude>
          <Name xsi:nil="true"></Name>
          <PostalCode xsi:nil="true"></PostalCode>
          <PostOfficeBox xsi:nil="true"></PostOfficeBox>
          <PrimaryContactName xsi:nil="true"></PrimaryContactName>
          <ShippingMethodCode>1</ShippingMethodCode>
          <StateOrProvince xsi:nil="true"></StateOrProvince>
          <Telephone1 xsi:nil="true"></Telephone1>
          <Telephone2 xsi:nil="true"></Telephone2>
          <Telephone3 xsi:nil="true"></Telephone3>
          <TimeZoneRuleVersionNumber xsi:nil="true"></TimeZoneRuleVersionNumber>
          <UPSZone xsi:nil="true"></UPSZone>
          <UTCOffset xsi:nil="true"></UTCOffset>
          <UTCConversionTimeZoneCode xsi:nil="true"></UTCConversionTimeZoneCode>
        </Address>
        <Address>
          <AddressNumber>2</AddressNumber>
          <AddressTypeCode>1</AddressTypeCode>
          <City xsi:nil="true"></City>
          <County xsi:nil="true"></County>
          <Country xsi:nil="true"></Country>
          <Fax xsi:nil="true"></Fax>
          <FreightTermsCode xsi:nil="true"></FreightTermsCode>
          <ImportSequenceNumber xsi:nil="true"></ImportSequenceNumber>
          <Latitude xsi:nil="true"></Latitude>
          <Line1 xsi:nil="true"></Line1>
          <Line2 xsi:nil="true"></Line2>
          <Line3 xsi:nil="true"></Line3>
          <Longitude xsi:nil="true"></Longitude>
          <Name xsi:nil="true"></Name>
          <PostalCode xsi:nil="true"></PostalCode>
          <PostOfficeBox xsi:nil="true"></PostOfficeBox>
          <PrimaryContactName xsi:nil="true"></PrimaryContactName>
          <ShippingMethodCode>1</ShippingMethodCode>
          <StateOrProvince xsi:nil="true"></StateOrProvince>
          <Telephone1 xsi:nil="true"></Telephone1>
          <Telephone2 xsi:nil="true"></Telephone2>
          <Telephone3 xsi:nil="true"></Telephone3>
          <TimeZoneRuleVersionNumber xsi:nil="true"></TimeZoneRuleVersionNumber>
          <UPSZone xsi:nil="true"></UPSZone>
          <UTCOffset xsi:nil="true"></UTCOffset>
          <UTCConversionTimeZoneCode xsi:nil="true"></UTCConversionTimeZoneCode>
        </Address>
      </Addresses>
    </Publisher>
    <RootComponents>
      <RootComponent type="1" schemaName="ak_dimension" behavior="0" />
      <RootComponent type="1" schemaName="ak_dimensioncustomitems" behavior="0" />
      <RootComponent type="1" schemaName="ak_region" behavior="0" />
      <RootComponent type="1" schemaName="ak_salesplan" behavior="0" />
      <RootComponent type="1" schemaName="ak_salesplanitem" behavior="0" />
      <RootComponent type="1" schemaName="contact" behavior="2" />
      <RootComponent type="1" schemaName="sample_product" behavior="0" />
      <RootComponent type="9" schemaName="ak_period" behavior="0" />
      <RootComponent type="62" schemaName="ak_SalesPlanApp" behavior="0" />
      <RootComponent type="62" schemaName="ak_SalesPlanApp2" behavior="0" />
      <RootComponent type="62" schemaName="ak_test2" behavior="0" />
      <RootComponent type="80" schemaName="ak_SalesPlanApp2" behavior="0" />
      <RootComponent type="300" schemaName="ak_createsalesplanpage_5a387" behavior="0" />
      <RootComponent type="300" schemaName="ak_custompage_856bd" behavior="0" />
    </RootComponents>
    <MissingDependencies>
      <MissingDependency>
        <Required type="1" schemaName="ak_createsalesplan" displayName="CreateSalesPlan" solution="Active" />
        <Dependent type="1" schemaName="ak_salesplan" displayName="SalesPlan" />
      </MissingDependency>
      <MissingDependency>
        <Required type="1" schemaName="ak_createsalesplan" displayName="CreateSalesPlan" solution="Active" />
        <Dependent type="1" schemaName="ak_salesplanitem" displayName="SalesPlanItem" />
      </MissingDependency>
      <MissingDependency>
        <Required type="1" schemaName="sample_product" displayName="Product" solution="AssetCheckout (0.0.0.1)" />
        <Dependent type="1" schemaName="sample_product" displayName="Product" />
      </MissingDependency>
      <MissingDependency>
        <Required type="1" schemaName="sample_product" displayName="Product" solution="AssetCheckout (0.0.0.1)" />
        <Dependent type="10" schemaName="ak_salesplanitem_Product_sample_product" displayName="ak_salesplanitem_Product_sample_product" parentSchemaName="sample_product" parentDisplayName="Product" />
      </MissingDependency>
      <MissingDependency>
        <Required type="1" schemaName="sample_product" displayName="Product" solution="AssetCheckout (0.0.0.1)" />
        <Dependent type="2" schemaName="createdby" displayName="Created By" parentSchemaName="sample_product" parentDisplayName="Product" />
      </MissingDependency>
      <MissingDependency>
        <Required type="1" schemaName="sample_product" displayName="Product" solution="AssetCheckout (0.0.0.1)" />
        <Dependent type="2" schemaName="createdonbehalfby" displayName="Created By (Delegate)" parentSchemaName="sample_product" parentDisplayName="Product" />
      </MissingDependency>
      <MissingDependency>
        <Required type="1" schemaName="sample_product" displayName="Product" solution="AssetCheckout (0.0.0.1)" />
        <Dependent type="2" schemaName="entityimageid" parentSchemaName="sample_product" parentDisplayName="Product" />
      </MissingDependency>
      <MissingDependency>
        <Required type="1" schemaName="sample_product" displayName="Product" solution="AssetCheckout (0.0.0.1)" />
        <Dependent type="2" schemaName="exchangerate" displayName="Exchange Rate" parentSchemaName="sample_product" parentDisplayName="Product" />
      </MissingDependency>
      <MissingDependency>
        <Required type="1" schemaName="sample_product" displayName="Product" solution="AssetCheckout (0.0.0.1)" />
        <Dependent type="2" schemaName="modifiedby" displayName="Modified By" parentSchemaName="sample_product" parentDisplayName="Product" />
      </MissingDependency>
      <MissingDependency>
        <Required type="1" schemaName="sample_product" displayName="Product" solution="AssetCheckout (0.0.0.1)" />
        <Dependent type="2" schemaName="modifiedonbehalfby" displayName="Modified By (Delegate)" parentSchemaName="sample_product" parentDisplayName="Product" />
      </MissingDependency>
      <MissingDependency>
        <Required type="1" schemaName="sample_product" displayName="Product" solution="AssetCheckout (0.0.0.1)" />
        <Dependent type="2" schemaName="ownerid" displayName="Owner" parentSchemaName="sample_product" parentDisplayName="Product" />
      </MissingDependency>
      <MissingDependency>
        <Required type="1" schemaName="sample_product" displayName="Product" solution="AssetCheckout (0.0.0.1)" />
        <Dependent type="2" schemaName="owningbusinessunit" displayName="Owning Business Unit" parentSchemaName="sample_product" parentDisplayName="Product" />
      </MissingDependency>
      <MissingDependency>
        <Required type="1" schemaName="sample_product" displayName="Product" solution="AssetCheckout (0.0.0.1)" />
        <Dependent type="2" schemaName="owningteam" displayName="Owning Team" parentSchemaName="sample_product" parentDisplayName="Product" />
      </MissingDependency>
      <MissingDependency>
        <Required type="1" schemaName="sample_product" displayName="Product" solution="AssetCheckout (0.0.0.1)" />
        <Dependent type="2" schemaName="owninguser" displayName="Owning User" parentSchemaName="sample_product" parentDisplayName="Product" />
      </MissingDependency>
      <MissingDependency>
        <Required type="1" schemaName="sample_product" displayName="Product" solution="AssetCheckout (0.0.0.1)" />
        <Dependent type="2" schemaName="processid" displayName="Process Id" parentSchemaName="sample_product" parentDisplayName="Product" />
      </MissingDependency>
      <MissingDependency>
        <Required type="1" schemaName="sample_product" displayName="Product" solution="AssetCheckout (0.0.0.1)" />
        <Dependent type="2" schemaName="sample_ratings_count" displayName="Rating (CountAverage)" parentSchemaName="sample_product" parentDisplayName="Product" />
      </MissingDependency>
      <MissingDependency>
        <Required type="1" schemaName="sample_product" displayName="Product" solution="AssetCheckout (0.0.0.1)" />
        <Dependent type="2" schemaName="sample_ratings_date" displayName="Rating (Last Updated On)" parentSchemaName="sample_product" parentDisplayName="Product" />
      </MissingDependency>
      <MissingDependency>
        <Required type="1" schemaName="sample_product" displayName="Product" solution="AssetCheckout (0.0.0.1)" />
        <Dependent type="2" schemaName="sample_ratings_state" displayName="Rating (State)" parentSchemaName="sample_product" parentDisplayName="Product" />
      </MissingDependency>
      <MissingDependency>
        <Required type="1" schemaName="sample_product" displayName="Product" solution="AssetCheckout (0.0.0.1)" />
        <Dependent type="2" schemaName="sample_ratings_sum" displayName="Rating (SumAverage)" parentSchemaName="sample_product" parentDisplayName="Product" />
      </MissingDependency>
      <MissingDependency>
        <Required type="1" schemaName="sample_product" displayName="Product" solution="AssetCheckout (0.0.0.1)" />
        <Dependent type="2" schemaName="sample_totalreserved_date" displayName="Total Reserved (Last Updated On)" parentSchemaName="sample_product" parentDisplayName="Product" />
      </MissingDependency>
      <MissingDependency>
        <Required type="1" schemaName="sample_product" displayName="Product" solution="AssetCheckout (0.0.0.1)" />
        <Dependent type="2" schemaName="sample_totalreserved_state" displayName="Total Reserved (State)" parentSchemaName="sample_product" parentDisplayName="Product" />
      </MissingDependency>
      <MissingDependency>
        <Required type="1" schemaName="sample_product" displayName="Product" solution="AssetCheckout (0.0.0.1)" />
        <Dependent type="2" schemaName="stageid" displayName="Stage Id" parentSchemaName="sample_product" parentDisplayName="Product" />
      </MissingDependency>
      <MissingDependency>
        <Required type="1" schemaName="sample_product" displayName="Product" solution="AssetCheckout (0.0.0.1)" />
        <Dependent type="2" schemaName="transactioncurrencyid" displayName="Currency" parentSchemaName="sample_product" parentDisplayName="Product" />
      </MissingDependency>
      <MissingDependency>
        <Required type="1" schemaName="sample_product" displayName="Product" solution="AssetCheckout (0.0.0.1)" />
        <Dependent type="2" schemaName="traversedpath" displayName="Traversed Path" parentSchemaName="sample_product" parentDisplayName="Product" />
      </MissingDependency>
      <MissingDependency>
        <Required type="1" schemaName="sample_product" displayName="Product" solution="AssetCheckout (0.0.0.1)" />
        <Dependent type="2" schemaName="versionnumber" displayName="Version Number" parentSchemaName="sample_product" parentDisplayName="Product" />
      </MissingDependency>
      <MissingDependency>
        <Required type="1" schemaName="sample_product" displayName="Product" solution="AssetCheckout (0.0.0.1)" />
        <Dependent type="300" schemaName="ak_createsalesplanpage_5a387" displayName="CreateSalesPlanPage" />
      </MissingDependency>
      <MissingDependency>
        <Required type="1" schemaName="sample_product" displayName="Product" solution="AssetCheckout (0.0.0.1)" />
        <Dependent type="62" schemaName="ak_SalesPlanApp2" />
      </MissingDependency>
      <MissingDependency>
        <Required type="1" schemaName="sample_product" displayName="Product" solution="AssetCheckout (0.0.0.1)" />
        <Dependent type="80" schemaName="ak_SalesPlanApp2" displayName="Sales Plan App 2" />
      </MissingDependency>
      <MissingDependency>
        <Required type="1" schemaName="sample_reservation" displayName="Reservation" solution="AssetCheckout (0.0.0.1)" />
        <Dependent type="1" schemaName="sample_product" displayName="Product" />
      </MissingDependency>
      <MissingDependency>
        <Required type="1" schemaName="sample_review" displayName="Review" solution="AssetCheckout (0.0.0.1)" />
        <Dependent type="1" schemaName="sample_product" displayName="Product" />
      </MissingDependency>
      <MissingDependency>
        <Required type="10" schemaName="adx_contact_externalidentity" displayName="adx_contact_externalidentity" parentSchemaName="contact" parentDisplayName="Contact" solution="PowerPages_RuntimeCore (1.0.2312.2)">
          <package>PowerPages_Core (1.0.2401.75)</package>
        </Required>
        <Dependent type="60" displayName="Contact main form" parentDisplayName="Contact" id="{acdc2577-a3d0-ee11-9079-000d3a26fc0a}" />
      </MissingDependency>
      <MissingDependency>
        <Required type="10" schemaName="ak_assetallocation_Employee_contact" displayName="ak_assetallocation_Employee_contact" parentSchemaName="contact" parentDisplayName="Contact" solution="Active" />
        <Dependent type="60" displayName="Contact main form" parentDisplayName="Contact" id="{acdc2577-a3d0-ee11-9079-000d3a26fc0a}" />
      </MissingDependency>
      <MissingDependency>
        <Required type="10" schemaName="ak_assetallocation_Requestedby_contact" displayName="ak_assetallocation_Requestedby_contact" parentSchemaName="contact" parentDisplayName="Contact" solution="Active" />
        <Dependent type="60" displayName="Contact main form" parentDisplayName="Contact" id="{acdc2577-a3d0-ee11-9079-000d3a26fc0a}" />
      </MissingDependency>
      <MissingDependency>
        <Required type="10" schemaName="ak_contact_LineManager_contact" displayName="ak_contact_LineManager_contact" parentSchemaName="contact" parentDisplayName="Contact" solution="Active" />
        <Dependent type="60" displayName="Contact main form" parentDisplayName="Contact" id="{acdc2577-a3d0-ee11-9079-000d3a26fc0a}" />
      </MissingDependency>
      <MissingDependency>
        <Required type="2" schemaName="sample_name" displayName="Name" parentSchemaName="sample_product" parentDisplayName="Product" solution="AssetCheckout (0.0.0.1)" />
        <Dependent type="10" schemaName="ak_salesplanitem_Product_sample_product" displayName="ak_salesplanitem_Product_sample_product" parentSchemaName="sample_product" parentDisplayName="Product" />
      </MissingDependency>
      <MissingDependency>
        <Required type="2" schemaName="sample_productid" displayName="Product" parentSchemaName="sample_product" parentDisplayName="Product" solution="AssetCheckout (0.0.0.1)" />
        <Dependent type="10" schemaName="ak_salesplanitem_Product_sample_product" displayName="ak_salesplanitem_Product_sample_product" parentSchemaName="sample_product" parentDisplayName="Product" />
      </MissingDependency>
      <MissingDependency>
        <Required type="61" schemaName="msdyn_/Images/AppModule_Default_Icon.png" displayName="msdyn_/Images/AppModule_Default_Icon.png" solution="AppModuleWebResources (2.5)" />
        <Dependent type="80" schemaName="ak_SalesPlanApp2" displayName="Sales Plan App 2" />
      </MissingDependency>
      <MissingDependency>
        <Required type="66" schemaName="Microsoft.PowerApps.PowerAppsOneGrid" displayName="Microsoft.PowerApps.PowerAppsOneGrid" solution="BaseCustomControlsCore (9.0.2402.4013)" />
        <Dependent type="68" id="{738877fb-3fb3-464a-9b07-1aab5346a45a}" />
      </MissingDependency>
      <MissingDependency>
        <Required type="66" schemaName="MscrmControls.Grid.GridControl" displayName="MscrmControls.Grid.GridControl" solution="BaseCustomControlsCore (9.0.2402.4013)" />
        <Dependent type="68" id="{738877fb-3fb3-464a-9b07-1aab5346a45a}" />
      </MissingDependency>
      <MissingDependency>
        <Required type="SettingDefinition" displayName="AppChannel" solution="msdyn_AppFrameworkInfraExtensions (1.0.0.7)" id.uniquename="AppChannel" />
        <Dependent type="AppSetting" displayName="parentappmoduleid.uniquename=ak_SalesPlanApp2,settingdefinitionid.uniquename=AppChannel" id.parentappmoduleid.uniquename="ak_SalesPlanApp2" id.settingdefinitionid.uniquename="AppChannel" />
      </MissingDependency>
    </MissingDependencies>
  </SolutionManifest>
</ImportExportXml>